energy,liveness,tempo,speechiness,acousticness,instrumentalness,time_signature,danceability,key,duration_ms,loudness,valence,mode,type,uri
0.532,0.0925,136.571,0.0286,0.432,6.25e-06,4,0.601,10,281613,-9.119,0.341,1,audio_features,spotify:track:3gdewACMIVMEWVbyb8O9sY
0.759,0.231,179.904,0.0431,0.0555,0.0,4,0.263,0,284496,-7.288,0.429,1,audio_features,spotify:track:0IhUdJRoolbYeEMPL59XPm
0.776,0.3,77.987,0.0459,0.0572,7.74e-06,4,0.585,5,244507,-5.898,0.427,1,audio_features,spotify:track:5xEM5hIgJ1jjgcEBfpkt2F
0.715,0.0942,155.925,0.0362,0.00125,7.97e-06,3,0.315,11,289533,-8.072,0.497,0,audio_features,spotify:track:6Qyc6fS4DsZjB2mRW9DsQs
0.609,0.187,135.671,0.0339,0.42,0.0,4,0.495,7,257440,-9.902,0.33,1,audio_features,spotify:track:0tKjVEJlX3IZ5L1rEJc5hh
0.816,0.129,136.014,0.0332,0.0292,2.01e-05,4,0.412,3,232267,-3.83,0.288,1,audio_features,spotify:track:4xNfsvj9mOVnMTvHZZ8HNk
0.902,0.0613,167.995,0.0432,0.00943,0.00111,4,0.488,7,260858,-5.408,0.223,1,audio_features,spotify:track:6A4ILLjHu1lhoDyDcVvgs9
0.224,0.111,74.98,0.0293,0.874,0.0,4,0.531,2,200563,-10.878,0.276,1,audio_features,spotify:track:7jKCAmjP2cAn9WxxIVR14Y
0.614,0.178,141.97,0.0306,0.252,1.95e-05,4,0.689,4,219053,-6.137,0.411,0,audio_features,spotify:track:30VHURM5NOfoZmqp2iKawS
0.942,0.188,148.723,0.0366,0.0115,0.0,4,0.527,1,241307,-5.64,0.495,0,audio_features,spotify:track:7FwBtcecmlpc1sLySPXeGE
0.774,0.0861,100.894,0.0368,0.0135,0.00191,4,0.564,1,277477,-9.424,0.657,1,audio_features,spotify:track:6wpGqhRvJGNNXwWlPmkMyO
0.411,0.263,155.874,0.0284,0.496,0.0,3,0.443,2,160307,-6.26,0.336,1,audio_features,spotify:track:6uJJUsEmet132tE9hRhd1w
0.714,0.0782,164.599,0.0368,0.0955,0.0,4,0.461,6,208867,-4.539,0.279,1,audio_features,spotify:track:646m1EF4TIIkx9sLCkfilt
0.796,0.0938,123.077,0.0303,5.01e-05,0.0119,4,0.548,2,240188,-7.117,0.651,1,audio_features,spotify:track:7onU2Uh9PtdM4z7IhVC2KS
0.67,0.129,139.191,0.0318,0.343,4.95e-06,4,0.575,7,211578,-10.39,0.74,1,audio_features,spotify:track:4yugZvBYaoREkJKtbG08Qr
0.508,0.0575,147.125,0.027,0.00574,0.000494,4,0.579,2,391376,-9.484,0.609,1,audio_features,spotify:track:40riOy7x9W7GXjyGp4pjAv
0.952,0.112,125.303,0.0523,0.0901,0.0857,4,0.446,6,356067,-5.321,0.624,1,audio_features,spotify:track:7snQQk1zcKl8gZ92AnueZW
0.938,0.15,86.986,0.0421,0.00588,0.000162,4,0.555,2,213983,-3.854,0.391,1,audio_features,spotify:track:0UHxkkgI5GfV0XBRA1rqfe
0.874,0.452,91.038,0.0482,0.00842,0.012,4,0.532,9,258413,-5.183,0.361,0,audio_features,spotify:track:0U0ldCRmgCqhVvD6ksG63j
0.473,0.123,148.835,0.0325,0.00527,0.00162,4,0.376,4,314663,-5.636,0.0398,1,audio_features,spotify:track:7iPlcFvOMOzt6v0QvcAueZ
0.808,0.198,161.104,0.0346,0.0382,0.0,3,0.274,7,239453,-2.678,0.131,1,audio_features,spotify:track:58Mmq9tDlN7jiUqmvugggD
0.786,0.446,126.748,0.0319,0.00316,8.86e-05,4,0.483,7,323000,-5.735,0.793,1,audio_features,spotify:track:4DMKwE2E2iYDKY01C335Uw
0.783,0.108,176.701,0.233,0.000269,0.47,4,0.385,9,134467,-2.533,0.902,1,audio_features,spotify:track:4KcH1ZRV2W1q7Flq0QqC76
0.711,0.164,101.46,0.0265,0.00411,0.000548,4,0.465,5,309973,-6.178,0.255,1,audio_features,spotify:track:2VBluJiNj9bKohWX0dY1Lh
0.647,0.102,106.96,0.0658,0.28,0.0,4,0.724,1,207333,-5.642,0.435,1,audio_features,spotify:track:2rPE9A1vEgShuZxxzR2tZH
0.62,0.108,195.881,0.142,0.0419,1.38e-05,4,0.405,0,201342,-6.806,0.48,0,audio_features,spotify:track:5gySbo0vBp8YAlVBaBIgMH
0.728,0.19,107.976,0.0327,0.08,0.0,4,0.646,0,248360,-6.123,0.385,1,audio_features,spotify:track:69J73rzjNvo8b9ZwWlL4FS
0.479,0.088,81.998,0.0278,0.633,1.76e-05,4,0.675,0,209493,-9.87,0.454,0,audio_features,spotify:track:0vg4WnUWvze6pBOJDTq99k
0.384,0.0539,123.281,0.0414,0.639,7.7e-05,4,0.442,10,235987,-14.635,0.216,1,audio_features,spotify:track:3ZE3wv8V3w2T2f7nOCjV0N
0.814,0.0972,104.98,0.0314,0.023,0.0,4,0.546,7,285653,-5.146,0.146,1,audio_features,spotify:track:3ZffCQKLFLUvYM59XKLbVm
0.913,0.347,119.992,0.0466,0.0263,1.35e-05,4,0.551,0,224493,-4.063,0.544,0,audio_features,spotify:track:0v1XpBHnsbkCn7iJ9Ucr1l
0.823,0.104,95.98,0.031,0.00741,0.0,4,0.508,3,270640,-3.711,0.152,1,audio_features,spotify:track:6q4XLE5WeOBWftoc9gTl2P
0.939,0.0857,140.02,0.094,0.000181,0.00568,4,0.442,8,228280,-4.18,0.266,1,audio_features,spotify:track:2RxqHa7EgbKHEjYav48eXX
0.914,0.601,156.014,0.111,0.0597,0.0,4,0.635,0,175493,-5.631,0.922,1,audio_features,spotify:track:5c5a2Ptu8eyIpljhQHjIqk
0.402,0.243,143.883,0.0536,0.288,0.0,4,0.392,0,354320,-9.961,0.228,0,audio_features,spotify:track:7tFiyTwD0nx5a1eklYtX2J
0.683,0.179,130.014,0.0277,0.0146,0.00101,4,0.467,0,296093,-6.072,0.133,1,audio_features,spotify:track:2jqMTXzB1VGVogdxfBRB3I
0.587,0.298,144.642,0.0278,0.0565,5.16e-06,4,0.425,9,226680,-5.453,0.194,1,audio_features,spotify:track:2nvC4i2aMo4CzRjRflysah
0.379,0.106,160.006,0.0281,0.34,0.0,3,0.391,5,257128,-7.297,0.314,1,audio_features,spotify:track:6RFl76IIkZLE6FozNwuXLh
0.63,0.146,106.978,0.0317,0.00119,0.0,4,0.525,6,285120,-6.673,0.236,1,audio_features,spotify:track:1nxGSNnFCpDLwm3umCOUpi
0.487,0.193,77.344,0.0307,0.577,0.0,4,0.488,4,230267,-6.371,0.217,1,audio_features,spotify:track:5rZXBHUU2qz7huEckTwpqo
0.47,0.125,109.46,0.0406,0.0613,0.00214,4,0.283,11,265773,-9.408,0.211,1,audio_features,spotify:track:3ASRv4r9T0OIeKmVGPTH5g
0.432,0.0855,102.077,0.0281,0.235,1.42e-06,4,0.516,1,262747,-7.549,0.131,0,audio_features,spotify:track:4zhbaPw1LhwKOTWD4E20vK
0.524,0.235,76.042,0.0298,0.0312,1.09e-06,4,0.481,7,226293,-7.035,0.165,1,audio_features,spotify:track:45B31c6tSg5Zw7PuF1WbEt
0.616,0.0826,81.993,0.044,0.0286,0.0,4,0.163,9,224720,-9.996,0.33,1,audio_features,spotify:track:6j6bTAiW0oEfLlAjmRNcbb
0.637,0.0971,145.034,0.0514,0.0294,0.00461,3,0.435,1,222227,-8.081,0.173,0,audio_features,spotify:track:4IJpSYe4IvgC3VyhY9NEsd
0.738,0.0365,116.019,0.0279,5.56e-05,9.33e-06,4,0.592,8,222973,-6.625,0.754,1,audio_features,spotify:track:7hzfrKYkRfPUIiagwhBtZS
0.913,0.156,115.715,0.132,0.0591,0.00173,4,0.573,6,208400,-4.793,0.422,0,audio_features,spotify:track:2zYzyRzz6pRmhPzyfMEC8s
0.639,0.179,107.049,0.104,0.00517,0.0,4,0.889,11,234693,-4.721,0.461,0,audio_features,spotify:track:043Rs5H7XAV2soPAy88x02
0.954,0.573,143.85,0.044,0.000346,5.38e-06,4,0.465,10,193653,-4.251,0.458,1,audio_features,spotify:track:5lDriBxJd22IhOH9zTcFrV
0.28,0.102,85.794,0.0281,0.468,1.1e-06,4,0.322,6,248467,-9.367,0.175,0,audio_features,spotify:track:0eZBeB2xFIS65jQHerispi
0.916,0.126,118.004,0.0387,0.000297,0.0259,4,0.58,3,305907,-4.358,0.683,0,audio_features,spotify:track:5anCkDvJ17aznvK5TED5uo
0.653,0.115,90.012,0.032,0.000452,0.000987,4,0.634,6,210935,-7.515,0.26,1,audio_features,spotify:track:0cDwUAF7yQrOLRcFfJpSc2
0.661,0.118,180.119,0.0439,0.0274,0.0,4,0.513,3,228347,-6.8,0.461,1,audio_features,spotify:track:3DamFFqW32WihKkTVlwTYQ
0.714,0.155,175.924,0.129,0.0549,0.0,4,0.564,7,204013,-4.987,0.33,1,audio_features,spotify:track:37f4ITSlgPX81ad2EvmVQr
0.522,0.156,86.318,0.159,0.0328,0.0,4,0.794,8,174133,-7.829,0.567,1,audio_features,spotify:track:6V2D8Lls36APk0THDjBDfE
0.226,0.122,119.88,0.0466,0.053,0.94,4,0.265,9,246272,-20.197,0.0386,0,audio_features,spotify:track:1yzSSn5Sj1azuo7RgwvDb3
0.767,0.0692,119.538,0.0579,0.454,0.192,4,0.93,4,131518,-11.646,0.972,1,audio_features,spotify:track:2Nc1Tl1qHWLAtBnqRJmkP3
0.87,0.251,101.284,0.0348,0.000117,0.000102,4,0.492,9,197008,-5.295,0.107,1,audio_features,spotify:track:5f92OpAQ0TenbweMyWR3Fb
0.772,0.132,139.993,0.0316,0.00658,5.65e-05,4,0.472,5,393480,-5.928,0.6,1,audio_features,spotify:track:2FML7gk7ac6quGFIjvkDb3
0.834,0.0924,118.223,0.0577,0.0738,9.48e-05,4,0.249,0,547107,-8.21,0.338,1,audio_features,spotify:track:5EWPGh7jbTNO2wakv8LjUI
0.34,0.116,82.433,0.0339,0.58,0.0032,4,0.338,9,482830,-12.049,0.197,0,audio_features,spotify:track:5CQ30WqJwcep0pYcV4AMNc
0.462,0.0964,149.178,0.0308,0.843,0.0585,4,0.237,0,192987,-7.79,0.338,1,audio_features,spotify:track:39pyh95CX5M3bpN7XiFJeP
0.668,0.152,82.904,0.0294,0.0127,0.0,4,0.447,4,232800,-4.683,0.0695,1,audio_features,spotify:track:1lHtE5JDCas1EwXhQIMOIj
0.832,0.158,142.913,0.0346,0.00377,0.0,4,0.421,1,214333,-3.163,0.311,1,audio_features,spotify:track:7AiENVyU1HoEpdq3F4VRVd
0.878,0.162,183.943,0.0366,0.0146,0.0,3,0.375,1,192720,-4.547,0.567,1,audio_features,spotify:track:6jbhDgHa0ACUGyOfbFvbZb
0.835,0.068,123.986,0.0341,0.041,9.45e-06,4,0.726,0,184071,-3.914,0.579,1,audio_features,spotify:track:1yzBGun3xDY7WpHOIP9nNp
0.885,0.387,131.862,0.11,0.0123,0.0,4,0.618,7,158400,-4.322,0.731,1,audio_features,spotify:track:3sR7ZJLhTV28FJku2Wz37K
0.54,0.179,129.171,0.0347,0.0339,0.00248,4,0.557,9,185733,-10.484,0.394,1,audio_features,spotify:track:6dGnYIeXmHdcikdzNNDMm2
0.813,0.197,109.25,0.0568,0.000674,0.000631,4,0.301,2,436960,-8.786,0.236,0,audio_features,spotify:track:3PKLkUWUg493h1FHfDAi3d
0.641,0.112,79.759,0.0291,0.0163,0.22,4,0.294,11,536067,-9.316,0.226,1,audio_features,spotify:track:3YRCqOhFifThpSRFJ1VWFM
0.48,0.178,120.317,0.0849,0.521,0.00428,4,0.358,9,413947,-11.79,0.356,1,audio_features,spotify:track:3TO7bbrUKrOSPGRTB5MeCz
0.581,0.177,171.961,0.0302,0.203,0.655,4,0.354,9,258587,-6.074,0.337,1,audio_features,spotify:track:1EL8X3XUO27bksrv9cLvXE
0.864,0.541,162.233,0.0673,0.0172,0.0567,4,0.288,4,250947,-6.762,0.621,0,audio_features,spotify:track:3MXA2BkBk0lSuMpRoM7SK2
0.366,0.0837,127.167,0.0286,0.15,0.308,4,0.472,11,382297,-12.595,0.171,0,audio_features,spotify:track:5HNCy40Ni5BZJFw1TKzRsC
0.394,0.247,104.126,0.0428,0.0781,0.000677,4,0.694,0,238747,-15.881,0.719,1,audio_features,spotify:track:4gMgiXfqyzZLMhsksGmbQV
0.262,0.832,122.883,0.0414,0.735,0.0114,4,0.481,7,334744,-15.73,0.375,1,audio_features,spotify:track:6mFkJmJqdDVQ1REhVfGgd1
0.976,0.376,142.008,0.0494,0.004,1.18e-05,4,0.624,8,199120,-5.355,0.514,1,audio_features,spotify:track:6MjljecHzHelUDismyKkba
0.581,0.0978,81.987,0.0315,0.0961,6.31e-06,4,0.552,9,220000,-6.521,0.0703,1,audio_features,spotify:track:4ZlAB5Ki4A5KgHuGNriWNg
0.798,0.13,130.02,0.0282,0.00181,8.67e-05,4,0.545,4,227173,-4.018,0.554,1,audio_features,spotify:track:7qXM4YjJAz6QTLg5gftm0r
0.787,0.127,126.062,0.103,0.0679,0.15,4,0.604,0,245040,-3.674,0.301,0,audio_features,spotify:track:2dOTkLZFbpNXrhc24CnTFd
0.915,0.0503,88.917,0.28,0.0846,0.0,3,0.4,0,198773,-4.89,0.878,1,audio_features,spotify:track:2a1o6ZejUi8U3wzzOtCOYw
0.623,0.146,163.893,0.0288,0.0739,0.000424,4,0.455,8,352187,-3.878,0.208,1,audio_features,spotify:track:10eBRyImhfqVvkiVEGf0N0
0.874,0.222,130.083,0.0416,0.00383,1.04e-06,4,0.586,11,234346,-5.535,0.756,1,audio_features,spotify:track:3Ar4cp3V0SeWXEuRelC86p
0.879,0.121,105.17,0.0764,0.0689,0.0,4,0.378,4,237905,-4.426,0.616,1,audio_features,spotify:track:1y90o8GOMspW0WCiw8VgAM
0.879,0.0672,128.047,0.0364,0.000663,0.0004,4,0.72,2,221414,-7.276,0.874,1,audio_features,spotify:track:4isvtgAARwvLe0plqAEBkp
0.773,0.0763,104.065,0.0341,0.214,0.0,4,0.555,2,189933,-3.982,0.6,1,audio_features,spotify:track:4bfyeYgNLENrwLRRSKXfM3
0.954,0.205,114.635,0.264,0.529,0.0,5,0.855,0,248133,-1.19,0.668,0,audio_features,spotify:track:7Ie9W94M7OjPoZVV216Xus
0.847,0.0916,105.03,0.0529,0.00743,0.0,4,0.531,1,207679,-3.907,0.38,1,audio_features,spotify:track:11IJA30efHAJLO3qroPh5L
0.869,0.29,91.988,0.0289,0.00261,1.77e-06,4,0.549,4,178733,-4.905,0.433,0,audio_features,spotify:track:6GBndDk0OEpDkmKoSBJyyK
0.257,0.0935,75.752,0.0252,0.907,0.183,4,0.547,0,187867,-12.358,0.169,1,audio_features,spotify:track:7pKfPomDEeI4TPT6EOYjn9
0.932,0.349,112.937,0.0554,0.013,0.169,4,0.564,11,146250,-10.068,0.619,1,audio_features,spotify:track:78lgmZwycJ3nzsdgmPPGNx
0.707,0.337,173.993,0.0428,0.0113,0.0,4,0.339,0,183808,-5.121,0.359,0,audio_features,spotify:track:6Xs7OKt6i0Ddq8B4M5Dgvr
0.902,0.0574,124.985,0.0296,0.13,9.45e-05,4,0.659,7,230013,-6.192,0.809,1,audio_features,spotify:track:77a5Eu7lC3tG0Sukt2O91U
0.66,0.084,136.592,0.051,0.0457,0.000293,3,0.712,1,242854,-8.797,0.399,1,audio_features,spotify:track:4ccocJuCXjkpckAL1ZzCTA
0.537,0.0782,108.448,0.0269,0.079,0.000139,4,0.497,4,265000,-9.264,0.371,1,audio_features,spotify:track:2ESrrtLRj1omqqsnGiyafo
0.718,0.102,163.987,0.0603,0.0485,0.000343,4,0.48,7,405320,-5.461,0.252,1,audio_features,spotify:track:31L9yLXSj6LpCFupyMV6CR
0.92,0.334,122.979,0.0733,0.002,0.0201,4,0.45,11,223773,-4.982,0.0773,1,audio_features,spotify:track:6f49kbOuQSOsStBpyGvQfA
0.689,0.0888,172.054,0.127,0.00465,2.23e-06,4,0.562,2,233627,-6.745,0.351,1,audio_features,spotify:track:0VE4kBnHJUgtMf0dy6DRmW
0.638,0.0849,184.086,0.075,0.02,7.66e-05,4,0.378,10,250627,-5.576,0.735,1,audio_features,spotify:track:7a86XRg84qjasly9f6bPSD
0.703,0.0964,94.858,0.102,0.0218,0.0,4,0.541,0,215724,-5.573,0.238,1,audio_features,spotify:track:79Mjfhh393dZdAsTvUFDR6
0.664,0.106,140.06,0.0741,0.0709,0.0056,4,0.553,8,220440,-7.417,0.467,1,audio_features,spotify:track:59HjlYCeBsxdI0fcm3zglw
0.473,0.391,119.992,0.0514,0.287,0.0,4,0.765,10,237300,-5.829,0.34,1,audio_features,spotify:track:5kqIPrATaCc2LqxVWzQGbk
0.917,0.197,126.115,0.0638,0.00428,0.0,4,0.55,0,177827,-3.159,0.601,1,audio_features,spotify:track:6TfBA04WJ3X1d1wXhaCFVT
0.75,0.113,125.103,0.0414,8.49e-05,0.0,4,0.358,3,258253,-3.572,0.218,1,audio_features,spotify:track:0c3fJd2HRi6uHWgTljIae5
0.524,0.144,80.173,0.0296,0.52,1.68e-05,4,0.351,8,259173,-5.181,0.219,1,audio_features,spotify:track:5FJuCfgmPKoWPyG6HlFuwo
0.922,0.126,162.978,0.0592,0.0596,2.05e-06,4,0.333,0,289559,-4.087,0.335,1,audio_features,spotify:track:7CVYxHq1L0Z4G84jTDS6Jl
0.45,0.54,100.456,0.0267,0.166,2.06e-06,4,0.486,5,254293,-10.298,0.55,1,audio_features,spotify:track:0pQskrTITgmCMyr85tb9qq
0.858,0.344,125.048,0.0303,0.00688,0.0,4,0.605,7,220217,-3.982,0.555,1,audio_features,spotify:track:5rbTDwUOc1yuJNzB0ZCuXw
0.835,0.279,152.072,0.0513,0.207,3.86e-06,4,0.472,3,224931,-5.12,0.698,1,audio_features,spotify:track:4MZrgOZ2nyMT56o2odz46r
0.58,0.108,120.021,0.0408,0.0114,2.28e-06,4,0.783,7,193400,-6.548,0.66,1,audio_features,spotify:track:3TGRqZ0a2l1LRblBkJoaDx
0.488,0.111,103.023,0.0449,0.192,0.76,4,0.507,8,302533,-15.063,0.0369,1,audio_features,spotify:track:3j9WvPrVhZuH8AmTeVakfR
0.433,0.185,90.117,0.0311,0.11,0.0,4,0.464,2,236053,-6.627,0.12,1,audio_features,spotify:track:64WaZQ8xhkNHtkunRzpKNf
0.778,0.082,125.0,0.0784,0.00851,0.0,4,0.726,4,198840,-2.483,0.868,1,audio_features,spotify:track:03oZejWqXLbKhhM4iTgShq
0.933,0.0863,120.572,0.14,0.0734,0.0,4,0.678,2,214720,-4.959,0.336,1,audio_features,spotify:track:6AzCBeiDuUXGXjznBufswB
0.668,0.0681,149.924,0.0474,0.231,0.0,4,0.425,9,256707,-7.542,0.351,1,audio_features,spotify:track:4lrC9aBnzlG9U5DDoHMnyt
0.889,0.328,126.916,0.039,0.0883,0.0,4,0.68,7,204973,-4.335,0.626,1,audio_features,spotify:track:3Fld33fuWTUUmVx9BEkyDx
0.722,0.35,95.012,0.0358,0.0243,4.2e-05,4,0.683,8,207187,-4.039,0.854,0,audio_features,spotify:track:2W5acFzXf5FrktecuD30Or
0.532,0.217,85.03,0.0323,0.186,0.000263,4,0.548,5,272394,-7.596,0.405,1,audio_features,spotify:track:5FVd6KXrgO9B3JPmC8OPst
0.822,0.139,97.003,0.0434,0.0164,0.000296,4,0.626,6,276907,-5.501,0.374,1,audio_features,spotify:track:6uJwPeBGb3swi85TSr9iIz
0.916,0.0296,142.984,0.0839,0.0278,0.0,4,0.558,1,199720,-3.145,0.85,0,audio_features,spotify:track:4JaLkM90MJutDAl5jD9BZX
0.781,0.11,157.971,0.0388,0.286,0.0,4,0.534,1,209720,-5.437,0.677,1,audio_features,spotify:track:3V3zCg3kqfeag16CRxyOOs
0.658,0.0939,99.99,0.0304,0.0215,1.66e-06,4,0.653,2,221507,-6.428,0.219,1,audio_features,spotify:track:72jbDTw1piOOj770jWNeaG
0.404,0.0911,95.045,0.0682,0.216,0.000357,4,0.75,9,232253,-10.178,0.0499,0,audio_features,spotify:track:6NFyWDv5CjfwuzoCkw47Xf
0.768,0.114,77.217,0.0347,0.00433,0.0,4,0.536,10,228133,-5.948,0.545,0,audio_features,spotify:track:2Bs4jQEGMycglOfWPBqrVG
0.938,0.0961,168.131,0.102,0.032,0.0321,4,0.324,6,178440,-7.332,0.543,0,audio_features,spotify:track:0Puj4YlTm6xNzDDADXHMI9
0.544,0.104,133.042,0.0277,0.0631,5.33e-06,3,0.452,4,191947,-5.423,0.158,1,audio_features,spotify:track:5vyxXfD5gLlyPxGZMEjtmd
0.851,0.238,78.068,0.065,0.0964,0.003,4,0.365,4,170067,-6.238,0.309,0,audio_features,spotify:track:1lgN0A2Vki2FTON5PYq42m
0.826,0.0803,124.072,0.0479,0.139,0.0,4,0.638,8,227880,-4.968,0.649,1,audio_features,spotify:track:4lCv7b86sLynZbXhfScfm2
0.896,0.091,124.978,0.0437,0.0773,8.87e-05,4,0.602,1,220827,-4.267,0.641,0,audio_features,spotify:track:1RvQQGwaPipiNgz8RXAKA8
0.587,0.137,186.003,0.276,0.141,6.35e-06,4,0.679,7,230453,-7.015,0.486,1,audio_features,spotify:track:7MXVkk9YMctZqd1Srtv4MB
0.819,0.0679,92.99,0.118,0.426,0.0,4,0.773,0,269187,-5.946,0.585,0,audio_features,spotify:track:5GXAXm5YOmYT0kL5jHvYBt
0.609,0.0344,114.988,0.0824,0.00801,8.15e-05,4,0.856,0,269667,-7.223,0.928,1,audio_features,spotify:track:32OlwWuMpZ6b0aN2RZOeMS
0.731,0.282,99.981,0.0281,0.0475,0.0,4,0.56,2,244824,-6.121,0.401,1,audio_features,spotify:track:0c2yZp1tTYAUiKraMdS8Yg
0.846,0.145,129.998,0.0573,0.00537,6.62e-06,4,0.58,9,240000,-2.876,0.366,0,audio_features,spotify:track:1JDIArrcepzWDTAWXdGYmP
0.833,0.074,128.003,0.0282,0.0079,1.48e-05,4,0.628,11,218293,-4.126,0.56,0,audio_features,spotify:track:2ISSQPb9LHHiV6ng2NXosL
0.712,0.128,124.013,0.0286,0.00184,0.0,4,0.593,2,231307,-6.325,0.473,0,audio_features,spotify:track:7nAfXgeHfDO50upcOjJOaq
0.782,0.0757,140.004,0.0506,0.0577,4.16e-05,4,0.565,8,231906,-6.413,0.4,1,audio_features,spotify:track:2habSXqcJGExM6JJyskY7O
0.719,0.424,140.088,0.0765,0.00747,2.09e-05,4,0.702,2,197800,-6.039,0.587,1,audio_features,spotify:track:7kpo5P2UutT9NGKgWvyvqq
0.832,0.291,120.032,0.116,0.0746,1.27e-06,4,0.755,2,199693,-2.741,0.735,0,audio_features,spotify:track:5OMwQFBcte0aWFJFqrr5oj
0.744,0.359,171.374,0.257,0.00868,0.000423,4,0.692,2,326467,-4.565,0.0612,1,audio_features,spotify:track:5Z01UMMf7V1o0MzF86s6WJ
0.873,0.123,84.803,0.0565,0.0653,0.0,4,0.421,10,202533,-4.343,0.63,1,audio_features,spotify:track:1X1DWw2pcNZ8zSub3uhlNz
0.909,0.141,97.996,0.0475,0.034,0.00938,4,0.518,0,248213,-6.76,0.634,1,audio_features,spotify:track:7CtDhF1n21sd9FVKQR1XTx
0.928,0.0822,184.052,0.0586,4.28e-05,9.97e-05,4,0.29,10,228720,-2.402,0.588,0,audio_features,spotify:track:62ovcuwlrPHfLxueBGokp1
0.694,0.316,176.897,0.0961,0.0101,0.0313,3,0.334,7,262600,-7.41,0.166,1,audio_features,spotify:track:4y5pvUsy617AUKl4l25lk8
0.592,0.132,104.016,0.0276,0.209,5.08e-05,4,0.563,9,267933,-4.571,0.136,1,audio_features,spotify:track:11bD1JtSjlIgKgZG2134DZ
0.82,0.704,129.969,0.0475,0.179,0.0,4,0.768,7,213293,-4.63,0.625,0,audio_features,spotify:track:2V4bv1fNWfTcyRJKmej6Sj
0.545,0.0963,74.897,0.0688,0.365,0.0,4,0.479,7,252733,-7.346,0.244,1,audio_features,spotify:track:6GmUVqe73u5YRfUUynZK6I
0.812,0.092,100.02,0.0617,0.0534,0.0,4,0.512,1,249500,-4.809,0.521,1,audio_features,spotify:track:1TnUURhehaoMWKAqQtirm6
0.783,0.0759,99.726,0.0448,0.0111,1.15e-06,4,0.31,4,232907,-5.345,0.123,1,audio_features,spotify:track:0PVd8pJKhyAtDS1V0r2llI
0.447,0.139,126.079,0.0292,0.611,1e-06,4,0.664,1,245347,-8.535,0.364,1,audio_features,spotify:track:5YbZZ2gYfvW1UvHHF4pVaD
0.486,0.113,147.952,0.0273,0.373,0.0,4,0.498,1,263987,-7.384,0.17,1,audio_features,spotify:track:6S9G7J3EB1ZY0rrZPwsBg5
0.67,0.334,141.893,0.0303,0.117,0.0,4,0.529,2,293027,-4.663,0.286,1,audio_features,spotify:track:3DrjZArsPsoqbLzUZZV1Id
0.787,0.163,114.987,0.0308,0.0396,1.42e-06,4,0.605,5,260933,-3.002,0.374,1,audio_features,spotify:track:6d9IiDcFxtFVIvt9pCqyGH
0.791,0.118,94.933,0.0402,0.00245,0.00258,4,0.588,7,231000,-5.595,0.487,1,audio_features,spotify:track:1fo2ctLqj3zBhRQKOXprol
0.785,0.148,160.02,0.165,0.0561,0.0,4,0.648,7,219200,-5.414,0.943,1,audio_features,spotify:track:5xTtaWoae3wi06K5WfVUUH
0.675,0.237,99.97,0.0429,0.1,0.0,4,0.54,10,169773,-6.449,0.348,0,audio_features,spotify:track:7kftK4n15rl1wbpfjSq2Tk
0.463,0.109,111.98,0.0396,0.256,0.085,4,0.809,11,298941,-11.377,0.364,1,audio_features,spotify:track:5mCPDVBb16L4XQwDdbRUpz
0.841,0.121,167.969,0.0464,0.00593,0.0573,4,0.608,0,187761,-3.798,0.274,1,audio_features,spotify:track:0oP9pK1D1lNF3Lb7jkl6Xx
0.676,0.107,134.944,0.0308,0.0355,0.0,4,0.673,1,201601,-5.002,0.57,1,audio_features,spotify:track:6QV0jXpL3RHVkN2g8C7mvh
0.911,0.0908,108.0,0.0278,0.0686,0.00188,4,0.615,1,205400,-3.584,0.685,0,audio_features,spotify:track:1r1fPuhj9H4VdXr7OK6FL5
0.705,0.109,168.152,0.0311,0.43,0.0,4,0.566,0,279400,-7.569,0.781,1,audio_features,spotify:track:7xUVverKyPPPAW3sDqXhfi
0.868,0.137,171.96,0.0614,0.0604,0.0,4,0.549,2,184667,-4.319,0.755,1,audio_features,spotify:track:6twW4ma6w0mOeejejPK0nY
0.762,0.0809,107.983,0.0384,0.0219,0.0,4,0.622,5,231905,-5.578,0.645,1,audio_features,spotify:track:16KGdBYIYAPRc59stmNb5k
0.589,0.0768,133.631,0.0331,0.231,0.0,4,0.437,4,239587,-4.834,0.165,1,audio_features,spotify:track:0CnD7Hiw6pae6rLsZw5q5W
0.702,0.159,99.031,0.0261,0.216,0.0,4,0.689,6,213600,-5.642,0.484,0,audio_features,spotify:track:6e40mgJiCid5HRAGrbpGA6
0.847,0.0816,171.447,0.186,0.0622,0.0,4,0.548,1,297787,-3.237,0.1,1,audio_features,spotify:track:4xkOaSrkexMciUUogZKVTS
0.575,0.109,120.019,0.0302,0.0259,0.0,4,0.518,5,340707,-4.616,0.209,1,audio_features,spotify:track:5ELRkzdzz0HvGpMDlfZHkV
0.89,0.0826,97.012,0.0418,0.182,0.0,4,0.677,1,216773,-4.448,0.764,0,audio_features,spotify:track:24YvUQnuPL8gObCfSnAobH
0.719,0.0536,119.023,0.0475,0.0126,0.000177,4,0.564,1,251320,-5.505,0.251,1,audio_features,spotify:track:5e0vgBWfwToyphURwynSXa
0.68,0.123,135.931,0.0266,0.0971,0.0,4,0.5,1,196595,-4.108,0.107,0,audio_features,spotify:track:3VguJfXjdVmwIb8lCNtMBM
0.809,0.201,189.888,0.141,0.073,0.0,4,0.451,0,237915,-5.327,0.481,1,audio_features,spotify:track:5pD9x23lsoQr464mlmaKNJ
0.839,0.068,149.034,0.0685,0.0369,0.0,4,0.653,10,216281,-5.077,0.669,1,audio_features,spotify:track:6kYoHUeIpYColDw4HQKjvP
0.834,0.14,135.007,0.0989,0.0232,1.14e-05,4,0.461,2,261154,-4.868,0.471,1,audio_features,spotify:track:6PCUP3dWmTjcTtXY02oFdT
0.379,0.0986,107.989,0.0476,0.607,0.000464,4,0.614,4,258987,-10.48,0.201,1,audio_features,spotify:track:1HNkqx9Ahdgi1Ixy2xkKkL
0.821,0.0787,86.995,0.0309,0.00794,0.0,4,0.515,0,205173,-2.333,0.425,1,audio_features,spotify:track:7bEDDsy2LFC0KSqhZp5nPE
0.631,0.119,100.968,0.0541,0.0997,0.0,4,0.767,1,203992,-6.762,0.541,1,audio_features,spotify:track:3QmOiZF7IzJJkHnahh5Ea0
0.121,0.0885,106.032,0.0349,0.91,0.0,4,0.483,2,149720,-15.133,0.419,0,audio_features,spotify:track:0LtVx5vsq9nfpGsWgjUin6
0.157,0.351,57.86,0.0457,0.756,0.0,4,0.344,5,228267,-11.773,0.313,1,audio_features,spotify:track:6j0wBBAP3hMe4t1Ymj7GIe
0.453,0.101,103.879,0.0295,0.831,1.21e-06,4,0.522,2,233280,-7.859,0.306,1,audio_features,spotify:track:3DWOTqMQGp5q75fnVsWwaN
0.742,0.626,159.779,0.0355,0.0518,0.0,4,0.268,5,321093,-4.939,0.416,1,audio_features,spotify:track:64yrDBpcdwEdNY9loyEGbX
0.897,0.263,161.944,0.0483,0.0424,0.0,4,0.629,2,168253,-3.401,0.93,1,audio_features,spotify:track:3mcG2NI5G5vhrQtRda1YnA
0.972,0.0707,110.006,0.0534,0.0143,0.0,4,0.585,9,230253,-4.45,0.585,0,audio_features,spotify:track:7oVEtyuv9NBmnytsCIsY5I
0.967,0.487,179.991,0.0793,0.00448,0.0,4,0.447,0,162720,-2.706,0.606,1,audio_features,spotify:track:6EE19skJ32p58xihYj2Waa
0.827,0.301,167.086,0.0362,0.000659,2.55e-06,4,0.29,8,493400,-3.451,0.45,1,audio_features,spotify:track:0MsrWnxQZxPAcov7c74sSo
0.891,0.314,120.012,0.0387,0.0417,0.00521,3,0.607,9,253160,-4.56,0.462,0,audio_features,spotify:track:0dqH0F9NCB8JfAz2TTjaNF
0.808,0.0983,117.971,0.0362,0.000235,0.0,4,0.493,5,268613,-3.365,0.38,0,audio_features,spotify:track:6PPu2SJkd5XmHU7q4QifbQ
0.609,0.0846,115.474,0.0307,0.0257,0.0,4,0.705,1,196853,-4.897,0.476,1,audio_features,spotify:track:1N3dZ7TTWO6VcD4Y3hHYLZ
0.629,0.0978,99.955,0.0264,0.425,0.0,4,0.609,10,241467,-5.024,0.325,1,audio_features,spotify:track:4Musyaro0NM5Awx8b5c627
0.631,0.127,189.583,0.0541,0.281,0.0,4,0.258,5,252539,-6.617,0.266,0,audio_features,spotify:track:7y2YUIyCuVhBidENVT0068
0.857,0.358,124.987,0.0366,0.0012,0.0,4,0.613,1,182000,-5.492,0.664,0,audio_features,spotify:track:56ZrTFkANjeAMiS14njg4E
0.905,0.222,96.95,0.0752,0.000289,0.00011,4,0.217,2,311107,-4.103,0.236,1,audio_features,spotify:track:5wQnmLuC1W7ATsArWACrgW
0.872,0.371,126.053,0.14,0.0239,7.52e-06,4,0.56,3,205933,-4.269,0.681,1,audio_features,spotify:track:1kPpge9JDLpcj15qgrPbYX
0.748,0.153,136.036,0.0283,0.0324,0.0,4,0.476,9,205387,-5.39,0.403,1,audio_features,spotify:track:5m4hXylTxAEtPkwgrBZim8
0.671,0.0604,149.982,0.0706,0.0484,0.0,4,0.59,9,169801,-6.098,0.438,1,audio_features,spotify:track:32bqxZEJRJObeNyc8bEiPt
0.902,0.0756,75.033,0.0442,0.0142,0.0,4,0.54,1,224760,-3.577,0.692,1,audio_features,spotify:track:19YmvsVCetCBeVj6O2mljR
0.682,0.186,79.841,0.0351,0.0307,0.0,4,0.403,11,198173,-5.476,0.233,1,audio_features,spotify:track:60EFFQmSfrNMPUMGnfxBbO
0.775,0.226,124.978,0.112,0.0417,0.0,4,0.772,10,203782,-4.388,0.748,0,audio_features,spotify:track:05KfyCEE6otdlT1pp2VIjP
0.766,0.0673,75.005,0.0351,0.0467,2.01e-05,4,0.672,10,139123,-5.884,0.96,1,audio_features,spotify:track:6ywVn2Uhs6VXLupc0ZtQeu
0.28,0.102,85.794,0.0281,0.468,1.1e-06,4,0.322,6,248467,-9.367,0.175,0,audio_features,spotify:track:1Cj2vqUwlJVG27gJrun92y
0.579,0.0304,99.979,0.0388,0.00715,0.000679,4,0.76,5,223187,-5.079,0.975,0,audio_features,spotify:track:1leXuBiWQMgbvOIIedqbLB
0.819,0.104,117.956,0.0316,0.000176,0.00374,5,0.655,0,192790,-4.852,0.766,1,audio_features,spotify:track:6Z8R6UsFuGXGtiIxiD8ISb
0.902,0.0558,100.012,0.0346,0.0591,0.000262,4,0.673,2,194240,-2.392,0.538,1,audio_features,spotify:track:5Hroj5K7vLpIG4FNCRIjbP
0.885,0.147,120.066,0.0377,0.0503,0.0,4,0.686,0,178560,-4.754,0.616,1,audio_features,spotify:track:1KgZOCjN3nGRTk3c87oIj6
0.6,0.11,119.929,0.135,0.337,0.000945,4,0.647,7,216660,-8.02,0.157,0,audio_features,spotify:track:5cB9BlseQteklXaJjRtZti
0.551,0.0827,131.922,0.0396,0.151,0.0,4,0.851,4,219467,-5.177,0.807,1,audio_features,spotify:track:66S14BkJDxgkYxLl5DCqOz
0.834,0.14,135.007,0.0989,0.0232,1.14e-05,4,0.461,2,261154,-4.868,0.471,1,audio_features,spotify:track:66qlqxhEMpSHOzjRK4il0b
0.652,0.0931,95.977,0.0802,0.581,0.0,4,0.825,1,233713,-3.183,0.931,0,audio_features,spotify:track:0FE9t6xYkqWXU2ahLh6D8X
0.346,0.105,121.876,0.0376,0.697,1.07e-05,4,0.53,8,241347,-10.497,0.359,1,audio_features,spotify:track:1HbcclMpw0q2WDWpdGCKdS
0.738,0.292,159.145,0.247,0.0408,0.0,4,0.648,6,226160,-5.883,0.603,0,audio_features,spotify:track:4pLwZjInHj3SimIyN9SnOz
0.74,0.102,118.008,0.0339,0.363,2.22e-05,4,0.593,8,208107,-6.12,0.502,1,audio_features,spotify:track:1NrJYpdAi7uosDRPmSYrsG
0.705,0.115,122.017,0.0382,0.0654,0.0,4,0.664,1,257840,-4.972,0.477,0,audio_features,spotify:track:6sy3LkhNFjJWlaeSMNwQ62
0.926,0.0928,100.048,0.151,0.0893,4.53e-06,4,0.635,0,189840,-5.589,0.761,1,audio_features,spotify:track:6KuHjfXHkfnIjdmcIvt9r0
0.496,0.0772,80.994,0.0453,0.554,2.65e-05,4,0.453,5,239317,-5.785,0.501,1,audio_features,spotify:track:0fioLzGM8ngbD1w6fMmm45
0.419,0.11,85.014,0.0389,0.568,0.000217,4,0.479,0,172724,-6.517,0.186,1,audio_features,spotify:track:5Db9VIdDsN5yu3Eu7CT0i4
0.527,0.0963,141.839,0.0309,0.227,0.0,4,0.586,3,209040,-4.905,0.506,1,audio_features,spotify:track:5omYVLodGmaxnhua99xIE8
0.52,0.115,120.001,0.0353,0.859,0.0,4,0.672,8,226600,-7.747,0.37,1,audio_features,spotify:track:5O2P9iiztwhomNh8xkR9lJ
0.663,0.119,121.07,0.0477,0.225,0.0,4,0.6,3,245493,-5.802,0.286,1,audio_features,spotify:track:4nVBt6MZDDP6tRVdQTgxJg
0.978,0.0567,179.035,0.0657,3.28e-05,0.00395,4,0.169,4,350644,-3.37,0.38,0,audio_features,spotify:track:5sEcwMeC3QDnSOWlyQyQ3E
0.488,0.111,115.019,0.0531,0.121,0.0,4,0.676,7,223540,-7.455,0.158,1,audio_features,spotify:track:39PrQCuTLOgApfoGPKDdnc
0.698,0.0827,139.96,0.0279,5.71e-05,8.64e-05,4,0.515,2,258773,-5.572,0.194,0,audio_features,spotify:track:1euszbbvkUzQzIhZUWFmXG
0.451,0.0872,157.966,0.0347,0.336,0.0,4,0.481,5,295493,-6.095,0.289,0,audio_features,spotify:track:4sPmO7WMQUAf45kwMOtONw
0.637,0.0602,169.977,0.141,0.0462,2.29e-05,4,0.734,4,202333,-5.677,0.648,0,audio_features,spotify:track:3CRDbSIZ4r5MsZ0YwxuEkn
0.917,0.346,139.09,0.114,0.00237,0.0,4,0.442,11,210947,-4.071,0.41,1,audio_features,spotify:track:5l3rba7tS1bnpd0EOylrSy
0.612,0.289,133.039,0.0524,0.0104,2.47e-06,4,0.544,8,328093,-6.966,0.315,0,audio_features,spotify:track:1J7ADXGHxcm0W4ftGL6u8b
0.659,0.266,76.483,0.0309,0.0284,0.0,4,0.514,1,200040,-6.142,0.463,1,audio_features,spotify:track:2wqXQjOmQ9KoBm9Ssgt4Fo
0.706,0.111,89.998,0.0233,0.00969,0.313,4,0.616,0,349267,-6.846,0.655,1,audio_features,spotify:track:1cRc03E5Ps0fwe4l8fz2J0
0.966,0.117,159.948,0.0946,0.00575,1.56e-06,4,0.502,0,235613,-3.876,0.638,1,audio_features,spotify:track:44TuSOP6xIAEeJmZsN3nXO
0.668,0.114,118.007,0.0432,0.0744,0.215,4,0.705,4,309800,-7.279,0.261,0,audio_features,spotify:track:5xRcy8i64lENBk48rOe7K8
0.713,0.324,61.519,0.0366,0.33,0.0,4,0.359,5,194520,-4.526,0.272,1,audio_features,spotify:track:05sCp83gcMm1iecYydKJS3
0.9,0.0404,187.961,0.0489,0.000102,1.89e-05,4,0.446,10,190787,-3.541,0.88,0,audio_features,spotify:track:4bCOAuhvjsxbVBM5MM8oik
0.699,0.385,84.016,0.0566,0.149,0.00679,4,0.585,8,245573,-7.273,0.425,1,audio_features,spotify:track:6BXCXOJGvuhks2xDxj5opi
0.736,0.347,100.03,0.045,0.0165,0.0,4,0.592,2,240147,-6.162,0.223,1,audio_features,spotify:track:1FMLd0ANP4dWhyTORMy298
0.563,0.179,100.017,0.134,0.621,0.0,4,0.728,1,217707,-8.053,0.352,0,audio_features,spotify:track:06KyNuuMOX1ROXRhj787tj
0.771,0.114,120.014,0.0509,0.122,0.0,4,0.83,7,216099,-3.343,0.902,1,audio_features,spotify:track:2QkwobFFcaQ9KJhi1NiB7Y
0.396,0.105,90.024,0.0286,0.0841,3.58e-05,4,0.732,4,195920,-9.348,0.548,0,audio_features,spotify:track:6i0V12jOa3mr6uu4WYhUBr
